{"cameraMode":{"drawMode":0,"name":"Shaded","section":"Shading Mode"},"sceneLighting":true,"audioPlay":false,"sceneViewState":{"m_AlwaysRefresh":false,"showFog":true,"showSkybox":true,"showFlares":true,"showImageEffects":true,"showParticleSystems":true,"showVisualEffectGraphs":true,"m_FxEnabled":true},"in2DMode":false,"pivot":{"x":1.0148766040802003,"y":1.7814744710922242,"z":-2.3466033935546877},"rotation":{"x":-0.41624021530151369,"y":-0.0035487227141857149,"z":0.001624410622753203,"w":-0.909246027469635},"size":0.034735094755887988,"orthographic":false}