{"cameraMode":{"drawMode":0,"name":"Shaded","section":"Shading Mode"},"sceneLighting":true,"audioPlay":false,"sceneViewState":{"showFog":true,"showMaterialUpdate":true,"showSkybox":true,"showFlares":true,"showImageEffects":true,"showParticleSystems":true},"in2DMode":false,"pivot":{"x":0.1595001220703125,"y":1.7802734375,"z":-2.9892578125},"rotation":{"x":0.24581332504749299,"y":-0.017446286976337434,"z":0.004426405765116215,"w":0.9691526889801025},"size":5.765427112579346,"orthographic":true}