{"cameraMode":{"drawMode":0,"name":"Shaded","section":"Shading Mode"},"sceneLighting":false,"audioPlay":false,"sceneViewState":{"showFog":true,"showMaterialUpdate":true,"showSkybox":false,"showFlares":true,"showImageEffects":true,"showParticleSystems":true},"in2DMode":false,"pivot":{"x":0.02711343765258789,"y":2.0299999713897707,"z":-0.03737640380859375},"rotation":{"x":0.24581332504749299,"y":-0.017446286976337434,"z":0.004426405765116215,"w":0.9691526889801025},"size":1.000259280204773,"orthographic":true}