{"cameraMode":{"drawMode":0,"name":"Shaded","section":"Shading Mode"},"sceneLighting":false,"audioPlay":false,"sceneViewState":{"showFog":true,"showMaterialUpdate":true,"showSkybox":false,"showFlares":true,"showImageEffects":true,"showParticleSystems":true},"in2DMode":false,"pivot":{"x":-1.0240000486373902,"y":0.20000000298023225,"z":-3.365000009536743},"rotation":{"x":0.24581332504749299,"y":-0.017446286976337434,"z":0.004426405765116215,"w":0.9691526889801025},"size":2.881601572036743,"orthographic":true}